"","geometry"
"1",c(3275911.78297618, -1490710.59927764)
"2",c(3213016.04541727, -1448450.60623412)
"3",c(3275911.78297618, -1448450.60623412)
"4",c(3213016.04541727, -1406190.61319059)
"5",c(3275911.78297618, -1406190.61319059)
"6",c(3087224.57029944, -1363930.62014707)
"7",c(3150120.30785836, -1363930.62014707)
"8",c(3213016.04541727, -1363930.62014707)
"9",c(2898537.3576227, -1321670.62710354)
"10",c(2961433.09518162, -1321670.62710354)
"11",c(3087224.57029944, -1321670.62710354)
"12",c(3150120.30785836, -1321670.62710354)
"13",c(2835641.62006379, -1279410.63406002)
"14",c(2898537.3576227, -1279410.63406002)
"15",c(2961433.09518162, -1279410.63406002)
"16",c(3024328.83274053, -1279410.63406002)
"17",c(3087224.57029944, -1279410.63406002)
"18",c(3150120.30785836, -1279410.63406002)
"19",c(3904869.15856532, -1279410.63406002)
"20",c(3967764.89612423, -1279410.63406002)
"21",c(4030660.63368314, -1279410.63406002)
"22",c(4093556.37124206, -1279410.63406002)
"23",c(4156452.10880097, -1279410.63406002)
"24",c(4282243.5839188, -1279410.63406002)
"25",c(2521162.93226923, -1237150.64101649)
"26",c(2584058.66982814, -1237150.64101649)
"27",c(2709850.14494596, -1237150.64101649)
"28",c(2772745.88250488, -1237150.64101649)
"29",c(2835641.62006379, -1237150.64101649)
"30",c(2898537.3576227, -1237150.64101649)
"31",c(2961433.09518162, -1237150.64101649)
"32",c(3024328.83274053, -1237150.64101649)
"33",c(3087224.57029944, -1237150.64101649)
"34",c(3150120.30785836, -1237150.64101649)
"35",c(3904869.15856532, -1237150.64101649)
"36",c(3967764.89612423, -1237150.64101649)
"37",c(4030660.63368314, -1237150.64101649)
"38",c(4093556.37124206, -1237150.64101649)
"39",c(4156452.10880097, -1237150.64101649)
"40",c(4219347.84635988, -1237150.64101649)
"41",c(4282243.5839188, -1237150.64101649)
"42",c(4345139.32147771, -1237150.64101649)
"43",c(2521162.93226923, -1194890.64797297)
"44",c(2584058.66982814, -1194890.64797297)
"45",c(2646954.40738705, -1194890.64797297)
"46",c(2709850.14494596, -1194890.64797297)
"47",c(2772745.88250488, -1194890.64797297)
"48",c(2835641.62006379, -1194890.64797297)
"49",c(2898537.3576227, -1194890.64797297)
"50",c(2961433.09518162, -1194890.64797297)
"51",c(3024328.83274053, -1194890.64797297)
"52",c(3087224.57029944, -1194890.64797297)
"53",c(3150120.30785836, -1194890.64797297)
"54",c(3904869.15856532, -1194890.64797297)
"55",c(3967764.89612423, -1194890.64797297)
"56",c(4030660.63368314, -1194890.64797297)
"57",c(4093556.37124206, -1194890.64797297)
"58",c(4156452.10880097, -1194890.64797297)
"59",c(4219347.84635988, -1194890.64797297)
"60",c(4282243.5839188, -1194890.64797297)
"61",c(4345139.32147771, -1194890.64797297)
"62",c(4408035.05903662, -1194890.64797297)
"63",c(4470930.79659554, -1194890.64797297)
"64",c(2521162.93226923, -1152630.65492945)
"65",c(2584058.66982814, -1152630.65492945)
"66",c(2646954.40738705, -1152630.65492945)
"67",c(2709850.14494596, -1152630.65492945)
"68",c(2772745.88250488, -1152630.65492945)
"69",c(2835641.62006379, -1152630.65492945)
"70",c(2898537.3576227, -1152630.65492945)
"71",c(2961433.09518162, -1152630.65492945)
"72",c(3024328.83274053, -1152630.65492945)
"73",c(3087224.57029944, -1152630.65492945)
"74",c(3150120.30785836, -1152630.65492945)
"75",c(3904869.15856532, -1152630.65492945)
"76",c(3967764.89612423, -1152630.65492945)
"77",c(4030660.63368314, -1152630.65492945)
"78",c(4093556.37124206, -1152630.65492945)
"79",c(4156452.10880097, -1152630.65492945)
"80",c(4219347.84635988, -1152630.65492945)
"81",c(4282243.5839188, -1152630.65492945)
"82",c(4345139.32147771, -1152630.65492945)
"83",c(4408035.05903662, -1152630.65492945)
"84",c(4470930.79659554, -1152630.65492945)
"85",c(2521162.93226923, -1110370.66188592)
"86",c(2584058.66982814, -1110370.66188592)
"87",c(2646954.40738705, -1110370.66188592)
"88",c(2709850.14494596, -1110370.66188592)
"89",c(2772745.88250488, -1110370.66188592)
"90",c(2835641.62006379, -1110370.66188592)
"91",c(2898537.3576227, -1110370.66188592)
"92",c(2961433.09518162, -1110370.66188592)
"93",c(3024328.83274053, -1110370.66188592)
"94",c(3087224.57029944, -1110370.66188592)
"95",c(3150120.30785836, -1110370.66188592)
"96",c(3841973.4210064, -1110370.66188592)
"97",c(3904869.15856532, -1110370.66188592)
"98",c(3967764.89612423, -1110370.66188592)
"99",c(4030660.63368314, -1110370.66188592)
"100",c(4093556.37124206, -1110370.66188592)
"101",c(4156452.10880097, -1110370.66188592)
"102",c(4219347.84635988, -1110370.66188592)
"103",c(4282243.5839188, -1110370.66188592)
"104",c(4345139.32147771, -1110370.66188592)
"105",c(4408035.05903662, -1110370.66188592)
"106",c(2458267.19471031, -1068110.6688424)
"107",c(2521162.93226923, -1068110.6688424)
"108",c(2584058.66982814, -1068110.6688424)
"109",c(2646954.40738705, -1068110.6688424)
"110",c(2709850.14494596, -1068110.6688424)
"111",c(2772745.88250488, -1068110.6688424)
"112",c(2835641.62006379, -1068110.6688424)
"113",c(2898537.3576227, -1068110.6688424)
"114",c(2961433.09518162, -1068110.6688424)
"115",c(3024328.83274053, -1068110.6688424)
"116",c(3087224.57029944, -1068110.6688424)
"117",c(3150120.30785836, -1068110.6688424)
"118",c(3779077.68344749, -1068110.6688424)
"119",c(3841973.4210064, -1068110.6688424)
"120",c(3904869.15856532, -1068110.6688424)
"121",c(3967764.89612423, -1068110.6688424)
"122",c(4030660.63368314, -1068110.6688424)
"123",c(4093556.37124206, -1068110.6688424)
"124",c(4156452.10880097, -1068110.6688424)
"125",c(4219347.84635988, -1068110.6688424)
"126",c(4282243.5839188, -1068110.6688424)
"127",c(4345139.32147771, -1068110.6688424)
"128",c(4408035.05903662, -1068110.6688424)
"129",c(2458267.19471031, -1025850.67579887)
"130",c(2521162.93226923, -1025850.67579887)
"131",c(2584058.66982814, -1025850.67579887)
"132",c(2646954.40738705, -1025850.67579887)
"133",c(2709850.14494596, -1025850.67579887)
"134",c(2772745.88250488, -1025850.67579887)
"135",c(2835641.62006379, -1025850.67579887)
"136",c(2898537.3576227, -1025850.67579887)
"137",c(2961433.09518162, -1025850.67579887)
"138",c(3024328.83274053, -1025850.67579887)
"139",c(3087224.57029944, -1025850.67579887)
"140",c(3150120.30785836, -1025850.67579887)
"141",c(3653286.20832966, -1025850.67579887)
"142",c(3716181.94588858, -1025850.67579887)
"143",c(3779077.68344749, -1025850.67579887)
"144",c(3841973.4210064, -1025850.67579887)
"145",c(3904869.15856532, -1025850.67579887)
"146",c(3967764.89612423, -1025850.67579887)
"147",c(4030660.63368314, -1025850.67579887)
"148",c(4093556.37124206, -1025850.67579887)
"149",c(4156452.10880097, -1025850.67579887)
"150",c(4219347.84635988, -1025850.67579887)
"151",c(4282243.5839188, -1025850.67579887)
"152",c(4345139.32147771, -1025850.67579887)
"153",c(4408035.05903662, -1025850.67579887)
"154",c(2458267.19471031, -983590.682755347)
"155",c(2521162.93226923, -983590.682755347)
"156",c(2584058.66982814, -983590.682755347)
"157",c(2646954.40738705, -983590.682755347)
"158",c(2709850.14494596, -983590.682755347)
"159",c(2772745.88250488, -983590.682755347)
"160",c(2835641.62006379, -983590.682755347)
"161",c(2898537.3576227, -983590.682755347)
"162",c(2961433.09518162, -983590.682755347)
"163",c(3024328.83274053, -983590.682755347)
"164",c(3087224.57029944, -983590.682755347)
"165",c(3150120.30785836, -983590.682755347)
"166",c(3213016.04541727, -983590.682755347)
"167",c(3527494.73321184, -983590.682755347)
"168",c(3590390.47077075, -983590.682755347)
"169",c(3653286.20832966, -983590.682755347)
"170",c(3716181.94588858, -983590.682755347)
"171",c(3779077.68344749, -983590.682755347)
"172",c(3841973.4210064, -983590.682755347)
"173",c(3904869.15856532, -983590.682755347)
"174",c(3967764.89612423, -983590.682755347)
"175",c(4030660.63368314, -983590.682755347)
"176",c(4093556.37124206, -983590.682755347)
"177",c(4156452.10880097, -983590.682755347)
"178",c(4219347.84635988, -983590.682755347)
"179",c(4282243.5839188, -983590.682755347)
"180",c(4345139.32147771, -983590.682755347)
"181",c(2458267.19471031, -941330.689711823)
"182",c(2521162.93226923, -941330.689711823)
"183",c(2584058.66982814, -941330.689711823)
"184",c(2646954.40738705, -941330.689711823)
"185",c(2709850.14494596, -941330.689711823)
"186",c(2772745.88250488, -941330.689711823)
"187",c(2835641.62006379, -941330.689711823)
"188",c(2898537.3576227, -941330.689711823)
"189",c(2961433.09518162, -941330.689711823)
"190",c(3024328.83274053, -941330.689711823)
"191",c(3087224.57029944, -941330.689711823)
"192",c(3150120.30785836, -941330.689711823)
"193",c(3213016.04541727, -941330.689711823)
"194",c(3464598.99565292, -941330.689711823)
"195",c(3527494.73321184, -941330.689711823)
"196",c(3590390.47077075, -941330.689711823)
"197",c(3653286.20832966, -941330.689711823)
"198",c(3716181.94588858, -941330.689711823)
"199",c(3779077.68344749, -941330.689711823)
"200",c(3841973.4210064, -941330.689711823)
"201",c(3904869.15856532, -941330.689711823)
"202",c(3967764.89612423, -941330.689711823)
"203",c(4030660.63368314, -941330.689711823)
"204",c(4093556.37124206, -941330.689711823)
"205",c(4156452.10880097, -941330.689711823)
"206",c(4219347.84635988, -941330.689711823)
"207",c(4282243.5839188, -941330.689711823)
"208",c(4345139.32147771, -941330.689711823)
"209",c(1955101.29423901, -899070.696668298)
"210",c(2458267.19471031, -899070.696668298)
"211",c(2521162.93226923, -899070.696668298)
"212",c(2584058.66982814, -899070.696668298)
"213",c(2646954.40738705, -899070.696668298)
"214",c(2709850.14494596, -899070.696668298)
"215",c(2772745.88250488, -899070.696668298)
"216",c(2835641.62006379, -899070.696668298)
"217",c(2898537.3576227, -899070.696668298)
"218",c(2961433.09518162, -899070.696668298)
"219",c(3024328.83274053, -899070.696668298)
"220",c(3087224.57029944, -899070.696668298)
"221",c(3150120.30785836, -899070.696668298)
"222",c(3213016.04541727, -899070.696668298)
"223",c(3275911.78297618, -899070.696668298)
"224",c(3338807.5205351, -899070.696668298)
"225",c(3401703.25809401, -899070.696668298)
"226",c(3464598.99565292, -899070.696668298)
"227",c(3527494.73321184, -899070.696668298)
"228",c(3590390.47077075, -899070.696668298)
"229",c(3653286.20832966, -899070.696668298)
"230",c(3716181.94588858, -899070.696668298)
"231",c(3779077.68344749, -899070.696668298)
"232",c(3841973.4210064, -899070.696668298)
"233",c(3904869.15856532, -899070.696668298)
"234",c(3967764.89612423, -899070.696668298)
"235",c(4030660.63368314, -899070.696668298)
"236",c(4093556.37124206, -899070.696668298)
"237",c(4156452.10880097, -899070.696668298)
"238",c(4219347.84635988, -899070.696668298)
"239",c(4282243.5839188, -899070.696668298)
"240",c(4345139.32147771, -899070.696668298)
"241",c(1955101.29423901, -856810.703624774)
"242",c(2017997.03179792, -856810.703624774)
"243",c(2080892.76935683, -856810.703624774)
"244",c(2143788.50691575, -856810.703624774)
"245",c(2458267.19471031, -856810.703624774)
"246",c(2521162.93226923, -856810.703624774)
"247",c(2584058.66982814, -856810.703624774)
"248",c(2646954.40738705, -856810.703624774)
"249",c(2709850.14494596, -856810.703624774)
"250",c(2772745.88250488, -856810.703624774)
"251",c(2835641.62006379, -856810.703624774)
"252",c(2898537.3576227, -856810.703624774)
"253",c(2961433.09518162, -856810.703624774)
"254",c(3024328.83274053, -856810.703624774)
"255",c(3087224.57029944, -856810.703624774)
"256",c(3150120.30785836, -856810.703624774)
"257",c(3213016.04541727, -856810.703624774)
"258",c(3275911.78297618, -856810.703624774)
"259",c(3338807.5205351, -856810.703624774)
"260",c(3401703.25809401, -856810.703624774)
"261",c(3464598.99565292, -856810.703624774)
"262",c(3527494.73321184, -856810.703624774)
"263",c(3590390.47077075, -856810.703624774)
"264",c(3653286.20832966, -856810.703624774)
"265",c(3716181.94588858, -856810.703624774)
"266",c(3779077.68344749, -856810.703624774)
"267",c(3841973.4210064, -856810.703624774)
"268",c(3904869.15856532, -856810.703624774)
"269",c(3967764.89612423, -856810.703624774)
"270",c(4030660.63368314, -856810.703624774)
"271",c(4093556.37124206, -856810.703624774)
"272",c(4156452.10880097, -856810.703624774)
"273",c(4219347.84635988, -856810.703624774)
"274",c(4282243.5839188, -856810.703624774)
"275",c(4345139.32147771, -856810.703624774)
"276",c(1892205.55668009, -814550.71058125)
"277",c(1955101.29423901, -814550.71058125)
"278",c(2017997.03179792, -814550.71058125)
"279",c(2080892.76935683, -814550.71058125)
"280",c(2143788.50691575, -814550.71058125)
"281",c(2458267.19471031, -814550.71058125)
"282",c(2521162.93226923, -814550.71058125)
"283",c(2584058.66982814, -814550.71058125)
"284",c(2646954.40738705, -814550.71058125)
"285",c(2709850.14494596, -814550.71058125)
"286",c(2772745.88250488, -814550.71058125)
"287",c(2835641.62006379, -814550.71058125)
"288",c(2898537.3576227, -814550.71058125)
"289",c(2961433.09518162, -814550.71058125)
"290",c(3024328.83274053, -814550.71058125)
"291",c(3087224.57029944, -814550.71058125)
"292",c(3150120.30785836, -814550.71058125)
"293",c(3213016.04541727, -814550.71058125)
"294",c(3275911.78297618, -814550.71058125)
"295",c(3338807.5205351, -814550.71058125)
"296",c(3401703.25809401, -814550.71058125)
"297",c(3464598.99565292, -814550.71058125)
"298",c(3527494.73321184, -814550.71058125)
"299",c(3590390.47077075, -814550.71058125)
"300",c(3653286.20832966, -814550.71058125)
"301",c(3716181.94588858, -814550.71058125)
"302",c(3779077.68344749, -814550.71058125)
"303",c(3841973.4210064, -814550.71058125)
"304",c(3904869.15856532, -814550.71058125)
"305",c(3967764.89612423, -814550.71058125)
"306",c(4030660.63368314, -814550.71058125)
"307",c(4093556.37124206, -814550.71058125)
"308",c(4156452.10880097, -814550.71058125)
"309",c(4219347.84635988, -814550.71058125)
"310",c(4282243.5839188, -814550.71058125)
"311",c(4345139.32147771, -814550.71058125)
"312",c(1892205.55668009, -772290.717537725)
"313",c(1955101.29423901, -772290.717537725)
"314",c(2017997.03179792, -772290.717537725)
"315",c(2080892.76935683, -772290.717537725)
"316",c(2143788.50691575, -772290.717537725)
"317",c(2206684.24447466, -772290.717537725)
"318",c(2332475.71959249, -772290.717537725)
"319",c(2395371.4571514, -772290.717537725)
"320",c(2458267.19471031, -772290.717537725)
"321",c(2521162.93226923, -772290.717537725)
"322",c(2584058.66982814, -772290.717537725)
"323",c(2646954.40738705, -772290.717537725)
"324",c(2709850.14494596, -772290.717537725)
"325",c(2772745.88250488, -772290.717537725)
"326",c(2835641.62006379, -772290.717537725)
"327",c(2898537.3576227, -772290.717537725)
"328",c(2961433.09518162, -772290.717537725)
"329",c(3024328.83274053, -772290.717537725)
"330",c(3087224.57029944, -772290.717537725)
"331",c(3150120.30785836, -772290.717537725)
"332",c(3213016.04541727, -772290.717537725)
"333",c(3275911.78297618, -772290.717537725)
"334",c(3338807.5205351, -772290.717537725)
"335",c(3401703.25809401, -772290.717537725)
"336",c(3464598.99565292, -772290.717537725)
"337",c(3527494.73321184, -772290.717537725)
"338",c(3590390.47077075, -772290.717537725)
"339",c(3653286.20832966, -772290.717537725)
"340",c(3716181.94588858, -772290.717537725)
"341",c(3779077.68344749, -772290.717537725)
"342",c(3841973.4210064, -772290.717537725)
"343",c(3904869.15856532, -772290.717537725)
"344",c(3967764.89612423, -772290.717537725)
"345",c(4030660.63368314, -772290.717537725)
"346",c(4093556.37124206, -772290.717537725)
"347",c(4156452.10880097, -772290.717537725)
"348",c(4219347.84635988, -772290.717537725)
"349",c(4282243.5839188, -772290.717537725)
"350",c(4345139.32147771, -772290.717537725)
"351",c(1892205.55668009, -730030.724494201)
"352",c(1955101.29423901, -730030.724494201)
"353",c(2017997.03179792, -730030.724494201)
"354",c(2080892.76935683, -730030.724494201)
"355",c(2143788.50691575, -730030.724494201)
"356",c(2206684.24447466, -730030.724494201)
"357",c(2269579.98203357, -730030.724494201)
"358",c(2332475.71959249, -730030.724494201)
"359",c(2395371.4571514, -730030.724494201)
"360",c(2458267.19471031, -730030.724494201)
"361",c(2521162.93226923, -730030.724494201)
"362",c(2584058.66982814, -730030.724494201)
"363",c(2646954.40738705, -730030.724494201)
"364",c(2709850.14494596, -730030.724494201)
"365",c(2772745.88250488, -730030.724494201)
"366",c(2835641.62006379, -730030.724494201)
"367",c(2898537.3576227, -730030.724494201)
"368",c(2961433.09518162, -730030.724494201)
"369",c(3024328.83274053, -730030.724494201)
"370",c(3087224.57029944, -730030.724494201)
"371",c(3150120.30785836, -730030.724494201)
"372",c(3213016.04541727, -730030.724494201)
"373",c(3275911.78297618, -730030.724494201)
"374",c(3338807.5205351, -730030.724494201)
"375",c(3401703.25809401, -730030.724494201)
"376",c(3464598.99565292, -730030.724494201)
"377",c(3527494.73321184, -730030.724494201)
"378",c(3590390.47077075, -730030.724494201)
"379",c(3653286.20832966, -730030.724494201)
"380",c(3716181.94588858, -730030.724494201)
"381",c(3779077.68344749, -730030.724494201)
"382",c(3841973.4210064, -730030.724494201)
"383",c(3904869.15856532, -730030.724494201)
"384",c(3967764.89612423, -730030.724494201)
"385",c(4030660.63368314, -730030.724494201)
"386",c(4093556.37124206, -730030.724494201)
"387",c(4156452.10880097, -730030.724494201)
"388",c(4219347.84635988, -730030.724494201)
"389",c(4282243.5839188, -730030.724494201)
"390",c(4345139.32147771, -730030.724494201)
"391",c(1892205.55668009, -687770.731450676)
"392",c(1955101.29423901, -687770.731450676)
"393",c(2017997.03179792, -687770.731450676)
"394",c(2080892.76935683, -687770.731450676)
"395",c(2143788.50691575, -687770.731450676)
"396",c(2206684.24447466, -687770.731450676)
"397",c(2269579.98203357, -687770.731450676)
"398",c(2332475.71959249, -687770.731450676)
"399",c(2395371.4571514, -687770.731450676)
"400",c(2458267.19471031, -687770.731450676)
"401",c(2521162.93226923, -687770.731450676)
"402",c(2584058.66982814, -687770.731450676)
"403",c(2646954.40738705, -687770.731450676)
"404",c(2709850.14494596, -687770.731450676)
"405",c(2772745.88250488, -687770.731450676)
"406",c(2835641.62006379, -687770.731450676)
"407",c(2898537.3576227, -687770.731450676)
"408",c(2961433.09518162, -687770.731450676)
"409",c(3024328.83274053, -687770.731450676)
"410",c(3087224.57029944, -687770.731450676)
"411",c(3150120.30785836, -687770.731450676)
"412",c(3213016.04541727, -687770.731450676)
"413",c(3275911.78297618, -687770.731450676)
"414",c(3338807.5205351, -687770.731450676)
"415",c(3401703.25809401, -687770.731450676)
"416",c(3464598.99565292, -687770.731450676)
"417",c(3527494.73321184, -687770.731450676)
"418",c(3590390.47077075, -687770.731450676)
"419",c(3653286.20832966, -687770.731450676)
"420",c(3716181.94588858, -687770.731450676)
"421",c(3779077.68344749, -687770.731450676)
"422",c(3841973.4210064, -687770.731450676)
"423",c(3904869.15856532, -687770.731450676)
"424",c(3967764.89612423, -687770.731450676)
"425",c(4030660.63368314, -687770.731450676)
"426",c(4093556.37124206, -687770.731450676)
"427",c(4156452.10880097, -687770.731450676)
"428",c(4219347.84635988, -687770.731450676)
"429",c(4282243.5839188, -687770.731450676)
"430",c(1389039.65620879, -645510.738407152)
"431",c(1451935.3937677, -645510.738407152)
"432",c(1514831.13132661, -645510.738407152)
"433",c(1577726.86888553, -645510.738407152)
"434",c(1640622.60644444, -645510.738407152)
"435",c(1703518.34400335, -645510.738407152)
"436",c(1766414.08156227, -645510.738407152)
"437",c(1829309.81912118, -645510.738407152)
"438",c(1892205.55668009, -645510.738407152)
"439",c(1955101.29423901, -645510.738407152)
"440",c(2017997.03179792, -645510.738407152)
"441",c(2080892.76935683, -645510.738407152)
"442",c(2143788.50691575, -645510.738407152)
"443",c(2206684.24447466, -645510.738407152)
"444",c(2269579.98203357, -645510.738407152)
"445",c(2332475.71959249, -645510.738407152)
"446",c(2395371.4571514, -645510.738407152)
"447",c(2458267.19471031, -645510.738407152)
"448",c(2521162.93226923, -645510.738407152)
"449",c(2584058.66982814, -645510.738407152)
"450",c(2646954.40738705, -645510.738407152)
"451",c(2709850.14494596, -645510.738407152)
"452",c(2772745.88250488, -645510.738407152)
"453",c(2835641.62006379, -645510.738407152)
"454",c(2898537.3576227, -645510.738407152)
"455",c(2961433.09518162, -645510.738407152)
"456",c(3024328.83274053, -645510.738407152)
"457",c(3087224.57029944, -645510.738407152)
"458",c(3150120.30785836, -645510.738407152)
"459",c(3213016.04541727, -645510.738407152)
"460",c(3275911.78297618, -645510.738407152)
"461",c(3338807.5205351, -645510.738407152)
"462",c(3401703.25809401, -645510.738407152)
"463",c(3464598.99565292, -645510.738407152)
"464",c(3527494.73321184, -645510.738407152)
"465",c(3590390.47077075, -645510.738407152)
"466",c(3653286.20832966, -645510.738407152)
"467",c(3716181.94588858, -645510.738407152)
"468",c(3779077.68344749, -645510.738407152)
"469",c(3841973.4210064, -645510.738407152)
"470",c(3904869.15856532, -645510.738407152)
"471",c(3967764.89612423, -645510.738407152)
"472",c(4030660.63368314, -645510.738407152)
"473",c(4093556.37124206, -645510.738407152)
"474",c(4156452.10880097, -645510.738407152)
"475",c(4219347.84635988, -645510.738407152)
"476",c(4282243.5839188, -645510.738407152)
"477",c(1451935.3937677, -603250.745363627)
"478",c(1514831.13132661, -603250.745363627)
"479",c(1577726.86888553, -603250.745363627)
"480",c(1640622.60644444, -603250.745363627)
"481",c(1703518.34400335, -603250.745363627)
"482",c(1766414.08156227, -603250.745363627)
"483",c(1829309.81912118, -603250.745363627)
"484",c(1892205.55668009, -603250.745363627)
"485",c(1955101.29423901, -603250.745363627)
"486",c(2017997.03179792, -603250.745363627)
"487",c(2080892.76935683, -603250.745363627)
"488",c(2143788.50691575, -603250.745363627)
"489",c(2206684.24447466, -603250.745363627)
"490",c(2269579.98203357, -603250.745363627)
"491",c(2332475.71959249, -603250.745363627)
"492",c(2395371.4571514, -603250.745363627)
"493",c(2458267.19471031, -603250.745363627)
"494",c(2521162.93226923, -603250.745363627)
"495",c(2584058.66982814, -603250.745363627)
"496",c(2646954.40738705, -603250.745363627)
"497",c(2709850.14494596, -603250.745363627)
"498",c(2772745.88250488, -603250.745363627)
"499",c(2835641.62006379, -603250.745363627)
"500",c(2898537.3576227, -603250.745363627)
"501",c(2961433.09518162, -603250.745363627)
"502",c(3024328.83274053, -603250.745363627)
"503",c(3087224.57029944, -603250.745363627)
"504",c(3150120.30785836, -603250.745363627)
"505",c(3213016.04541727, -603250.745363627)
"506",c(3275911.78297618, -603250.745363627)
"507",c(3338807.5205351, -603250.745363627)
"508",c(3401703.25809401, -603250.745363627)
"509",c(3464598.99565292, -603250.745363627)
"510",c(3527494.73321184, -603250.745363627)
"511",c(3590390.47077075, -603250.745363627)
"512",c(3653286.20832966, -603250.745363627)
"513",c(3716181.94588858, -603250.745363627)
"514",c(3779077.68344749, -603250.745363627)
"515",c(3841973.4210064, -603250.745363627)
"516",c(3904869.15856532, -603250.745363627)
"517",c(3967764.89612423, -603250.745363627)
"518",c(4030660.63368314, -603250.745363627)
"519",c(4093556.37124206, -603250.745363627)
"520",c(4156452.10880097, -603250.745363627)
"521",c(4219347.84635988, -603250.745363627)
"522",c(4282243.5839188, -603250.745363627)
"523",c(1451935.3937677, -560990.752320103)
"524",c(1514831.13132661, -560990.752320103)
"525",c(1577726.86888553, -560990.752320103)
"526",c(1640622.60644444, -560990.752320103)
"527",c(1703518.34400335, -560990.752320103)
"528",c(1766414.08156227, -560990.752320103)
"529",c(1829309.81912118, -560990.752320103)
"530",c(1892205.55668009, -560990.752320103)
"531",c(1955101.29423901, -560990.752320103)
"532",c(2017997.03179792, -560990.752320103)
"533",c(2080892.76935683, -560990.752320103)
"534",c(2143788.50691575, -560990.752320103)
"535",c(2206684.24447466, -560990.752320103)
"536",c(2269579.98203357, -560990.752320103)
"537",c(2332475.71959249, -560990.752320103)
"538",c(2395371.4571514, -560990.752320103)
"539",c(2458267.19471031, -560990.752320103)
"540",c(2521162.93226923, -560990.752320103)
"541",c(2584058.66982814, -560990.752320103)
"542",c(2646954.40738705, -560990.752320103)
"543",c(2709850.14494596, -560990.752320103)
"544",c(2772745.88250488, -560990.752320103)
"545",c(2835641.62006379, -560990.752320103)
"546",c(2898537.3576227, -560990.752320103)
"547",c(2961433.09518162, -560990.752320103)
"548",c(3024328.83274053, -560990.752320103)
"549",c(3087224.57029944, -560990.752320103)
"550",c(3150120.30785836, -560990.752320103)
"551",c(3213016.04541727, -560990.752320103)
"552",c(3275911.78297618, -560990.752320103)
"553",c(3338807.5205351, -560990.752320103)
"554",c(3401703.25809401, -560990.752320103)
"555",c(3464598.99565292, -560990.752320103)
"556",c(3527494.73321184, -560990.752320103)
"557",c(3590390.47077075, -560990.752320103)
"558",c(3653286.20832966, -560990.752320103)
"559",c(3716181.94588858, -560990.752320103)
"560",c(3779077.68344749, -560990.752320103)
"561",c(3841973.4210064, -560990.752320103)
"562",c(3904869.15856532, -560990.752320103)
"563",c(3967764.89612423, -560990.752320103)
"564",c(4030660.63368314, -560990.752320103)
"565",c(4093556.37124206, -560990.752320103)
"566",c(4156452.10880097, -560990.752320103)
"567",c(4219347.84635988, -560990.752320103)
"568",c(4282243.5839188, -560990.752320103)
"569",c(4345139.32147771, -560990.752320103)
"570",c(1577726.86888553, -518730.759276578)
"571",c(1703518.34400335, -518730.759276578)
"572",c(1766414.08156227, -518730.759276578)
"573",c(1829309.81912118, -518730.759276578)
"574",c(1892205.55668009, -518730.759276578)
"575",c(1955101.29423901, -518730.759276578)
"576",c(2017997.03179792, -518730.759276578)
"577",c(2080892.76935683, -518730.759276578)
"578",c(2143788.50691575, -518730.759276578)
"579",c(2206684.24447466, -518730.759276578)
"580",c(2269579.98203357, -518730.759276578)
"581",c(2332475.71959249, -518730.759276578)
"582",c(2395371.4571514, -518730.759276578)
"583",c(2458267.19471031, -518730.759276578)
"584",c(2521162.93226923, -518730.759276578)
"585",c(2584058.66982814, -518730.759276578)
"586",c(2646954.40738705, -518730.759276578)
"587",c(2709850.14494596, -518730.759276578)
"588",c(2772745.88250488, -518730.759276578)
"589",c(2835641.62006379, -518730.759276578)
"590",c(2898537.3576227, -518730.759276578)
"591",c(2961433.09518162, -518730.759276578)
"592",c(3024328.83274053, -518730.759276578)
"593",c(3087224.57029944, -518730.759276578)
"594",c(3150120.30785836, -518730.759276578)
"595",c(3213016.04541727, -518730.759276578)
"596",c(3275911.78297618, -518730.759276578)
"597",c(3338807.5205351, -518730.759276578)
"598",c(3401703.25809401, -518730.759276578)
"599",c(3464598.99565292, -518730.759276578)
"600",c(3527494.73321184, -518730.759276578)
"601",c(3590390.47077075, -518730.759276578)
"602",c(3653286.20832966, -518730.759276578)
"603",c(3716181.94588858, -518730.759276578)
"604",c(3779077.68344749, -518730.759276578)
"605",c(3841973.4210064, -518730.759276578)
"606",c(3904869.15856532, -518730.759276578)
"607",c(3967764.89612423, -518730.759276578)
"608",c(4030660.63368314, -518730.759276578)
"609",c(4093556.37124206, -518730.759276578)
"610",c(4156452.10880097, -518730.759276578)
"611",c(4219347.84635988, -518730.759276578)
"612",c(4282243.5839188, -518730.759276578)
"613",c(4345139.32147771, -518730.759276578)
"614",c(1766414.08156227, -476470.766233054)
"615",c(1829309.81912118, -476470.766233054)
"616",c(1892205.55668009, -476470.766233054)
"617",c(1955101.29423901, -476470.766233054)
"618",c(2017997.03179792, -476470.766233054)
"619",c(2080892.76935683, -476470.766233054)
"620",c(2143788.50691575, -476470.766233054)
"621",c(2206684.24447466, -476470.766233054)
"622",c(2269579.98203357, -476470.766233054)
"623",c(2332475.71959249, -476470.766233054)
"624",c(2395371.4571514, -476470.766233054)
"625",c(2458267.19471031, -476470.766233054)
"626",c(2521162.93226923, -476470.766233054)
"627",c(2584058.66982814, -476470.766233054)
"628",c(2646954.40738705, -476470.766233054)
"629",c(2709850.14494596, -476470.766233054)
"630",c(2772745.88250488, -476470.766233054)
"631",c(2835641.62006379, -476470.766233054)
"632",c(2898537.3576227, -476470.766233054)
"633",c(2961433.09518162, -476470.766233054)
"634",c(3024328.83274053, -476470.766233054)
"635",c(3087224.57029944, -476470.766233054)
"636",c(3150120.30785836, -476470.766233054)
"637",c(3213016.04541727, -476470.766233054)
"638",c(3275911.78297618, -476470.766233054)
"639",c(3338807.5205351, -476470.766233054)
"640",c(3401703.25809401, -476470.766233054)
"641",c(3464598.99565292, -476470.766233054)
"642",c(3527494.73321184, -476470.766233054)
"643",c(3590390.47077075, -476470.766233054)
"644",c(3653286.20832966, -476470.766233054)
"645",c(3716181.94588858, -476470.766233054)
"646",c(3779077.68344749, -476470.766233054)
"647",c(3841973.4210064, -476470.766233054)
"648",c(3904869.15856532, -476470.766233054)
"649",c(3967764.89612423, -476470.766233054)
"650",c(4030660.63368314, -476470.766233054)
"651",c(4093556.37124206, -476470.766233054)
"652",c(4156452.10880097, -476470.766233054)
"653",c(4219347.84635988, -476470.766233054)
"654",c(4282243.5839188, -476470.766233054)
"655",c(1829309.81912118, -434210.773189529)
"656",c(1892205.55668009, -434210.773189529)
"657",c(1955101.29423901, -434210.773189529)
"658",c(2017997.03179792, -434210.773189529)
"659",c(2080892.76935683, -434210.773189529)
"660",c(2143788.50691575, -434210.773189529)
"661",c(2206684.24447466, -434210.773189529)
"662",c(2269579.98203357, -434210.773189529)
"663",c(2332475.71959249, -434210.773189529)
"664",c(2395371.4571514, -434210.773189529)
"665",c(2458267.19471031, -434210.773189529)
"666",c(2521162.93226923, -434210.773189529)
"667",c(2584058.66982814, -434210.773189529)
"668",c(2646954.40738705, -434210.773189529)
"669",c(2709850.14494596, -434210.773189529)
"670",c(2772745.88250488, -434210.773189529)
"671",c(2835641.62006379, -434210.773189529)
"672",c(2898537.3576227, -434210.773189529)
"673",c(2961433.09518162, -434210.773189529)
"674",c(3024328.83274053, -434210.773189529)
"675",c(3087224.57029944, -434210.773189529)
"676",c(3150120.30785836, -434210.773189529)
"677",c(3213016.04541727, -434210.773189529)
"678",c(3275911.78297618, -434210.773189529)
"679",c(3338807.5205351, -434210.773189529)
"680",c(3401703.25809401, -434210.773189529)
"681",c(3464598.99565292, -434210.773189529)
"682",c(3527494.73321184, -434210.773189529)
"683",c(3590390.47077075, -434210.773189529)
"684",c(3653286.20832966, -434210.773189529)
"685",c(3716181.94588858, -434210.773189529)
"686",c(3779077.68344749, -434210.773189529)
"687",c(3841973.4210064, -434210.773189529)
"688",c(3904869.15856532, -434210.773189529)
"689",c(3967764.89612423, -434210.773189529)
"690",c(4030660.63368314, -434210.773189529)
"691",c(4093556.37124206, -434210.773189529)
"692",c(4156452.10880097, -434210.773189529)
"693",c(4219347.84635988, -434210.773189529)
"694",c(1829309.81912118, -391950.780146005)
"695",c(1892205.55668009, -391950.780146005)
"696",c(1955101.29423901, -391950.780146005)
"697",c(2017997.03179792, -391950.780146005)
"698",c(2080892.76935683, -391950.780146005)
"699",c(2143788.50691575, -391950.780146005)
"700",c(2206684.24447466, -391950.780146005)
"701",c(2269579.98203357, -391950.780146005)
"702",c(2332475.71959249, -391950.780146005)
"703",c(2395371.4571514, -391950.780146005)
"704",c(2458267.19471031, -391950.780146005)
"705",c(2521162.93226923, -391950.780146005)
"706",c(2584058.66982814, -391950.780146005)
"707",c(2646954.40738705, -391950.780146005)
"708",c(2709850.14494596, -391950.780146005)
"709",c(2772745.88250488, -391950.780146005)
"710",c(2835641.62006379, -391950.780146005)
"711",c(2898537.3576227, -391950.780146005)
"712",c(2961433.09518162, -391950.780146005)
"713",c(3024328.83274053, -391950.780146005)
"714",c(3087224.57029944, -391950.780146005)
"715",c(3150120.30785836, -391950.780146005)
"716",c(3213016.04541727, -391950.780146005)
"717",c(3275911.78297618, -391950.780146005)
"718",c(3338807.5205351, -391950.780146005)
"719",c(3401703.25809401, -391950.780146005)
"720",c(3464598.99565292, -391950.780146005)
"721",c(3527494.73321184, -391950.780146005)
"722",c(3590390.47077075, -391950.780146005)
"723",c(3653286.20832966, -391950.780146005)
"724",c(3716181.94588858, -391950.780146005)
"725",c(3779077.68344749, -391950.780146005)
"726",c(3841973.4210064, -391950.780146005)
"727",c(3904869.15856532, -391950.780146005)
"728",c(3967764.89612423, -391950.780146005)
"729",c(4030660.63368314, -391950.780146005)
"730",c(4093556.37124206, -391950.780146005)
"731",c(4156452.10880097, -391950.780146005)
"732",c(1829309.81912118, -349690.787102481)
"733",c(1892205.55668009, -349690.787102481)
"734",c(1955101.29423901, -349690.787102481)
"735",c(2017997.03179792, -349690.787102481)
"736",c(2080892.76935683, -349690.787102481)
"737",c(2143788.50691575, -349690.787102481)
"738",c(2206684.24447466, -349690.787102481)
"739",c(2269579.98203357, -349690.787102481)
"740",c(2332475.71959249, -349690.787102481)
"741",c(2395371.4571514, -349690.787102481)
"742",c(2458267.19471031, -349690.787102481)
"743",c(2521162.93226923, -349690.787102481)
"744",c(2584058.66982814, -349690.787102481)
"745",c(2646954.40738705, -349690.787102481)
"746",c(2709850.14494596, -349690.787102481)
"747",c(2772745.88250488, -349690.787102481)
"748",c(2835641.62006379, -349690.787102481)
"749",c(2898537.3576227, -349690.787102481)
"750",c(2961433.09518162, -349690.787102481)
"751",c(3024328.83274053, -349690.787102481)
"752",c(3087224.57029944, -349690.787102481)
"753",c(3150120.30785836, -349690.787102481)
"754",c(3213016.04541727, -349690.787102481)
"755",c(3275911.78297618, -349690.787102481)
"756",c(3338807.5205351, -349690.787102481)
"757",c(3401703.25809401, -349690.787102481)
"758",c(3464598.99565292, -349690.787102481)
"759",c(3527494.73321184, -349690.787102481)
"760",c(3590390.47077075, -349690.787102481)
"761",c(3653286.20832966, -349690.787102481)
"762",c(3716181.94588858, -349690.787102481)
"763",c(3779077.68344749, -349690.787102481)
"764",c(3841973.4210064, -349690.787102481)
"765",c(3904869.15856532, -349690.787102481)
"766",c(3967764.89612423, -349690.787102481)
"767",c(4030660.63368314, -349690.787102481)
"768",c(4093556.37124206, -349690.787102481)
"769",c(4156452.10880097, -349690.787102481)
"770",c(1829309.81912118, -307430.794058956)
"771",c(1892205.55668009, -307430.794058956)
"772",c(1955101.29423901, -307430.794058956)
"773",c(2017997.03179792, -307430.794058956)
"774",c(2080892.76935683, -307430.794058956)
"775",c(2143788.50691575, -307430.794058956)
"776",c(2206684.24447466, -307430.794058956)
"777",c(2269579.98203357, -307430.794058956)
"778",c(2332475.71959249, -307430.794058956)
"779",c(2395371.4571514, -307430.794058956)
"780",c(2458267.19471031, -307430.794058956)
"781",c(2521162.93226923, -307430.794058956)
"782",c(2584058.66982814, -307430.794058956)
"783",c(2646954.40738705, -307430.794058956)
"784",c(2709850.14494596, -307430.794058956)
"785",c(2772745.88250488, -307430.794058956)
"786",c(2835641.62006379, -307430.794058956)
"787",c(2898537.3576227, -307430.794058956)
"788",c(2961433.09518162, -307430.794058956)
"789",c(3024328.83274053, -307430.794058956)
"790",c(3087224.57029944, -307430.794058956)
"791",c(3150120.30785836, -307430.794058956)
"792",c(3213016.04541727, -307430.794058956)
"793",c(3275911.78297618, -307430.794058956)
"794",c(3338807.5205351, -307430.794058956)
"795",c(3401703.25809401, -307430.794058956)
"796",c(3464598.99565292, -307430.794058956)
"797",c(3527494.73321184, -307430.794058956)
"798",c(3590390.47077075, -307430.794058956)
"799",c(3653286.20832966, -307430.794058956)
"800",c(3716181.94588858, -307430.794058956)
"801",c(3779077.68344749, -307430.794058956)
"802",c(3841973.4210064, -307430.794058956)
"803",c(3904869.15856532, -307430.794058956)
"804",c(3967764.89612423, -307430.794058956)
"805",c(4030660.63368314, -307430.794058956)
"806",c(4093556.37124206, -307430.794058956)
"807",c(1829309.81912118, -265170.801015432)
"808",c(1892205.55668009, -265170.801015432)
"809",c(1955101.29423901, -265170.801015432)
"810",c(2017997.03179792, -265170.801015432)
"811",c(2080892.76935683, -265170.801015432)
"812",c(2143788.50691575, -265170.801015432)
"813",c(2206684.24447466, -265170.801015432)
"814",c(2269579.98203357, -265170.801015432)
"815",c(2332475.71959249, -265170.801015432)
"816",c(2395371.4571514, -265170.801015432)
"817",c(2458267.19471031, -265170.801015432)
"818",c(2521162.93226923, -265170.801015432)
"819",c(2584058.66982814, -265170.801015432)
"820",c(2646954.40738705, -265170.801015432)
"821",c(2709850.14494596, -265170.801015432)
"822",c(2772745.88250488, -265170.801015432)
"823",c(2835641.62006379, -265170.801015432)
"824",c(2898537.3576227, -265170.801015432)
"825",c(2961433.09518162, -265170.801015432)
"826",c(3024328.83274053, -265170.801015432)
"827",c(3087224.57029944, -265170.801015432)
"828",c(3150120.30785836, -265170.801015432)
"829",c(3213016.04541727, -265170.801015432)
"830",c(3275911.78297618, -265170.801015432)
"831",c(3338807.5205351, -265170.801015432)
"832",c(3401703.25809401, -265170.801015432)
"833",c(3464598.99565292, -265170.801015432)
"834",c(3527494.73321184, -265170.801015432)
"835",c(3590390.47077075, -265170.801015432)
"836",c(3653286.20832966, -265170.801015432)
"837",c(3716181.94588858, -265170.801015432)
"838",c(3779077.68344749, -265170.801015432)
"839",c(3841973.4210064, -265170.801015432)
"840",c(3904869.15856532, -265170.801015432)
"841",c(3967764.89612423, -265170.801015432)
"842",c(4030660.63368314, -265170.801015432)
"843",c(1829309.81912118, -222910.807971907)
"844",c(1892205.55668009, -222910.807971907)
"845",c(1955101.29423901, -222910.807971907)
"846",c(2017997.03179792, -222910.807971907)
"847",c(2080892.76935683, -222910.807971907)
"848",c(2143788.50691575, -222910.807971907)
"849",c(2206684.24447466, -222910.807971907)
"850",c(2269579.98203357, -222910.807971907)
"851",c(2332475.71959249, -222910.807971907)
"852",c(2395371.4571514, -222910.807971907)
"853",c(2458267.19471031, -222910.807971907)
"854",c(2521162.93226923, -222910.807971907)
"855",c(2584058.66982814, -222910.807971907)
"856",c(2646954.40738705, -222910.807971907)
"857",c(2709850.14494596, -222910.807971907)
"858",c(2772745.88250488, -222910.807971907)
"859",c(2835641.62006379, -222910.807971907)
"860",c(2898537.3576227, -222910.807971907)
"861",c(2961433.09518162, -222910.807971907)
"862",c(3024328.83274053, -222910.807971907)
"863",c(3087224.57029944, -222910.807971907)
"864",c(3150120.30785836, -222910.807971907)
"865",c(3213016.04541727, -222910.807971907)
"866",c(3275911.78297618, -222910.807971907)
"867",c(3338807.5205351, -222910.807971907)
"868",c(3401703.25809401, -222910.807971907)
"869",c(3464598.99565292, -222910.807971907)
"870",c(3527494.73321184, -222910.807971907)
"871",c(3590390.47077075, -222910.807971907)
"872",c(3653286.20832966, -222910.807971907)
"873",c(3716181.94588858, -222910.807971907)
"874",c(3779077.68344749, -222910.807971907)
"875",c(3841973.4210064, -222910.807971907)
"876",c(3904869.15856532, -222910.807971907)
"877",c(3967764.89612423, -222910.807971907)
"878",c(1892205.55668009, -180650.814928383)
"879",c(1955101.29423901, -180650.814928383)
"880",c(2017997.03179792, -180650.814928383)
"881",c(2080892.76935683, -180650.814928383)
"882",c(2143788.50691575, -180650.814928383)
"883",c(2206684.24447466, -180650.814928383)
"884",c(2269579.98203357, -180650.814928383)
"885",c(2332475.71959249, -180650.814928383)
"886",c(2395371.4571514, -180650.814928383)
"887",c(2458267.19471031, -180650.814928383)
"888",c(2521162.93226923, -180650.814928383)
"889",c(2584058.66982814, -180650.814928383)
"890",c(2646954.40738705, -180650.814928383)
"891",c(2709850.14494596, -180650.814928383)
"892",c(2772745.88250488, -180650.814928383)
"893",c(2835641.62006379, -180650.814928383)
"894",c(2898537.3576227, -180650.814928383)
"895",c(2961433.09518162, -180650.814928383)
"896",c(3024328.83274053, -180650.814928383)
"897",c(3087224.57029944, -180650.814928383)
"898",c(3150120.30785836, -180650.814928383)
"899",c(3213016.04541727, -180650.814928383)
"900",c(3275911.78297618, -180650.814928383)
"901",c(3338807.5205351, -180650.814928383)
"902",c(3401703.25809401, -180650.814928383)
"903",c(3464598.99565292, -180650.814928383)
"904",c(3527494.73321184, -180650.814928383)
"905",c(3590390.47077075, -180650.814928383)
"906",c(3653286.20832966, -180650.814928383)
"907",c(3716181.94588858, -180650.814928383)
"908",c(3779077.68344749, -180650.814928383)
"909",c(3841973.4210064, -180650.814928383)
"910",c(3904869.15856532, -180650.814928383)
"911",c(1892205.55668009, -138390.821884858)
"912",c(1955101.29423901, -138390.821884858)
"913",c(2017997.03179792, -138390.821884858)
"914",c(2080892.76935683, -138390.821884858)
"915",c(2143788.50691575, -138390.821884858)
"916",c(2206684.24447466, -138390.821884858)
"917",c(2269579.98203357, -138390.821884858)
"918",c(2332475.71959249, -138390.821884858)
"919",c(2395371.4571514, -138390.821884858)
"920",c(2458267.19471031, -138390.821884858)
"921",c(2521162.93226923, -138390.821884858)
"922",c(2584058.66982814, -138390.821884858)
"923",c(2646954.40738705, -138390.821884858)
"924",c(2709850.14494596, -138390.821884858)
"925",c(2772745.88250488, -138390.821884858)
"926",c(2835641.62006379, -138390.821884858)
"927",c(2898537.3576227, -138390.821884858)
"928",c(2961433.09518162, -138390.821884858)
"929",c(3024328.83274053, -138390.821884858)
"930",c(3087224.57029944, -138390.821884858)
"931",c(3150120.30785836, -138390.821884858)
"932",c(3213016.04541727, -138390.821884858)
"933",c(3275911.78297618, -138390.821884858)
"934",c(3338807.5205351, -138390.821884858)
"935",c(3401703.25809401, -138390.821884858)
"936",c(3464598.99565292, -138390.821884858)
"937",c(3527494.73321184, -138390.821884858)
"938",c(3590390.47077075, -138390.821884858)
"939",c(3653286.20832966, -138390.821884858)
"940",c(3716181.94588858, -138390.821884858)
"941",c(3779077.68344749, -138390.821884858)
"942",c(1955101.29423901, -96130.8288413339)
"943",c(2017997.03179792, -96130.8288413339)
"944",c(2080892.76935683, -96130.8288413339)
"945",c(2143788.50691575, -96130.8288413339)
"946",c(2206684.24447466, -96130.8288413339)
"947",c(2269579.98203357, -96130.8288413339)
"948",c(2332475.71959249, -96130.8288413339)
"949",c(2395371.4571514, -96130.8288413339)
"950",c(2458267.19471031, -96130.8288413339)
"951",c(2521162.93226923, -96130.8288413339)
"952",c(2584058.66982814, -96130.8288413339)
"953",c(2646954.40738705, -96130.8288413339)
"954",c(2709850.14494596, -96130.8288413339)
"955",c(2772745.88250488, -96130.8288413339)
"956",c(2835641.62006379, -96130.8288413339)
"957",c(2898537.3576227, -96130.8288413339)
"958",c(2961433.09518162, -96130.8288413339)
"959",c(3024328.83274053, -96130.8288413339)
"960",c(3087224.57029944, -96130.8288413339)
"961",c(3150120.30785836, -96130.8288413339)
"962",c(3213016.04541727, -96130.8288413339)
"963",c(3275911.78297618, -96130.8288413339)
"964",c(3338807.5205351, -96130.8288413339)
"965",c(3401703.25809401, -96130.8288413339)
"966",c(3464598.99565292, -96130.8288413339)
"967",c(3527494.73321184, -96130.8288413339)
"968",c(3590390.47077075, -96130.8288413339)
"969",c(3653286.20832966, -96130.8288413339)
"970",c(3716181.94588858, -96130.8288413339)
"971",c(2017997.03179792, -53870.8357978094)
"972",c(2080892.76935683, -53870.8357978094)
"973",c(2143788.50691575, -53870.8357978094)
"974",c(2206684.24447466, -53870.8357978094)
"975",c(2269579.98203357, -53870.8357978094)
"976",c(2332475.71959249, -53870.8357978094)
"977",c(2395371.4571514, -53870.8357978094)
"978",c(2458267.19471031, -53870.8357978094)
"979",c(2521162.93226923, -53870.8357978094)
"980",c(2584058.66982814, -53870.8357978094)
"981",c(2646954.40738705, -53870.8357978094)
"982",c(2709850.14494596, -53870.8357978094)
"983",c(2772745.88250488, -53870.8357978094)
"984",c(2835641.62006379, -53870.8357978094)
"985",c(2898537.3576227, -53870.8357978094)
"986",c(2961433.09518162, -53870.8357978094)
"987",c(3024328.83274053, -53870.8357978094)
"988",c(3087224.57029944, -53870.8357978094)
"989",c(3150120.30785836, -53870.8357978094)
"990",c(3213016.04541727, -53870.8357978094)
"991",c(3275911.78297618, -53870.8357978094)
"992",c(3338807.5205351, -53870.8357978094)
"993",c(3401703.25809401, -53870.8357978094)
"994",c(3464598.99565292, -53870.8357978094)
"995",c(3527494.73321184, -53870.8357978094)
"996",c(3590390.47077075, -53870.8357978094)
"997",c(3653286.20832966, -53870.8357978094)
"998",c(3716181.94588858, -53870.8357978094)
"999",c(2017997.03179792, -11610.842754285)
"1000",c(2080892.76935683, -11610.842754285)
"1001",c(2143788.50691575, -11610.842754285)
"1002",c(2206684.24447466, -11610.842754285)
"1003",c(2269579.98203357, -11610.842754285)
"1004",c(2332475.71959249, -11610.842754285)
"1005",c(2395371.4571514, -11610.842754285)
"1006",c(2458267.19471031, -11610.842754285)
"1007",c(2521162.93226923, -11610.842754285)
"1008",c(2584058.66982814, -11610.842754285)
"1009",c(2646954.40738705, -11610.842754285)
"1010",c(2709850.14494596, -11610.842754285)
"1011",c(2772745.88250488, -11610.842754285)
"1012",c(2835641.62006379, -11610.842754285)
"1013",c(2898537.3576227, -11610.842754285)
"1014",c(2961433.09518162, -11610.842754285)
"1015",c(3024328.83274053, -11610.842754285)
"1016",c(3087224.57029944, -11610.842754285)
"1017",c(3150120.30785836, -11610.842754285)
"1018",c(3213016.04541727, -11610.842754285)
"1019",c(3275911.78297618, -11610.842754285)
"1020",c(3338807.5205351, -11610.842754285)
"1021",c(3401703.25809401, -11610.842754285)
"1022",c(3464598.99565292, -11610.842754285)
"1023",c(3527494.73321184, -11610.842754285)
"1024",c(3590390.47077075, -11610.842754285)
"1025",c(3653286.20832966, -11610.842754285)
"1026",c(3716181.94588858, -11610.842754285)
"1027",c(3779077.68344749, -11610.842754285)
"1028",c(2017997.03179792, 30649.1502892395)
"1029",c(2080892.76935683, 30649.1502892395)
"1030",c(2143788.50691575, 30649.1502892395)
"1031",c(2206684.24447466, 30649.1502892395)
"1032",c(2269579.98203357, 30649.1502892395)
"1033",c(2332475.71959249, 30649.1502892395)
"1034",c(2395371.4571514, 30649.1502892395)
"1035",c(2458267.19471031, 30649.1502892395)
"1036",c(2521162.93226923, 30649.1502892395)
"1037",c(2584058.66982814, 30649.1502892395)
"1038",c(2646954.40738705, 30649.1502892395)
"1039",c(2709850.14494596, 30649.1502892395)
"1040",c(2772745.88250488, 30649.1502892395)
"1041",c(2835641.62006379, 30649.1502892395)
"1042",c(2898537.3576227, 30649.1502892395)
"1043",c(2961433.09518162, 30649.1502892395)
"1044",c(3024328.83274053, 30649.1502892395)
"1045",c(3087224.57029944, 30649.1502892395)
"1046",c(3150120.30785836, 30649.1502892395)
"1047",c(3213016.04541727, 30649.1502892395)
"1048",c(3275911.78297618, 30649.1502892395)
"1049",c(3338807.5205351, 30649.1502892395)
"1050",c(3401703.25809401, 30649.1502892395)
"1051",c(3464598.99565292, 30649.1502892395)
"1052",c(3527494.73321184, 30649.1502892395)
"1053",c(3590390.47077075, 30649.1502892395)
"1054",c(3653286.20832966, 30649.1502892395)
"1055",c(3716181.94588858, 30649.1502892395)
"1056",c(3779077.68344749, 30649.1502892395)
"1057",c(2017997.03179792, 72909.1433327639)
"1058",c(2080892.76935683, 72909.1433327639)
"1059",c(2143788.50691575, 72909.1433327639)
"1060",c(2206684.24447466, 72909.1433327639)
"1061",c(2269579.98203357, 72909.1433327639)
"1062",c(2332475.71959249, 72909.1433327639)
"1063",c(2395371.4571514, 72909.1433327639)
"1064",c(2458267.19471031, 72909.1433327639)
"1065",c(2521162.93226923, 72909.1433327639)
"1066",c(2584058.66982814, 72909.1433327639)
"1067",c(2646954.40738705, 72909.1433327639)
"1068",c(2709850.14494596, 72909.1433327639)
"1069",c(2772745.88250488, 72909.1433327639)
"1070",c(2835641.62006379, 72909.1433327639)
"1071",c(2898537.3576227, 72909.1433327639)
"1072",c(2961433.09518162, 72909.1433327639)
"1073",c(3024328.83274053, 72909.1433327639)
"1074",c(3087224.57029944, 72909.1433327639)
"1075",c(3150120.30785836, 72909.1433327639)
"1076",c(3213016.04541727, 72909.1433327639)
"1077",c(3275911.78297618, 72909.1433327639)
"1078",c(3338807.5205351, 72909.1433327639)
"1079",c(3401703.25809401, 72909.1433327639)
"1080",c(3464598.99565292, 72909.1433327639)
"1081",c(3527494.73321184, 72909.1433327639)
"1082",c(3590390.47077075, 72909.1433327639)
"1083",c(3653286.20832966, 72909.1433327639)
"1084",c(3716181.94588858, 72909.1433327639)
"1085",c(3779077.68344749, 72909.1433327639)
"1086",c(2017997.03179792, 115169.136376288)
"1087",c(2080892.76935683, 115169.136376288)
"1088",c(2143788.50691575, 115169.136376288)
"1089",c(2206684.24447466, 115169.136376288)
"1090",c(2269579.98203357, 115169.136376288)
"1091",c(2332475.71959249, 115169.136376288)
"1092",c(2395371.4571514, 115169.136376288)
"1093",c(2458267.19471031, 115169.136376288)
"1094",c(2521162.93226923, 115169.136376288)
"1095",c(2584058.66982814, 115169.136376288)
"1096",c(2646954.40738705, 115169.136376288)
"1097",c(2709850.14494596, 115169.136376288)
"1098",c(2772745.88250488, 115169.136376288)
"1099",c(2835641.62006379, 115169.136376288)
"1100",c(2898537.3576227, 115169.136376288)
"1101",c(2961433.09518162, 115169.136376288)
"1102",c(3024328.83274053, 115169.136376288)
"1103",c(3087224.57029944, 115169.136376288)
"1104",c(3150120.30785836, 115169.136376288)
"1105",c(3213016.04541727, 115169.136376288)
"1106",c(3275911.78297618, 115169.136376288)
"1107",c(3338807.5205351, 115169.136376288)
"1108",c(3401703.25809401, 115169.136376288)
"1109",c(3464598.99565292, 115169.136376288)
"1110",c(3527494.73321184, 115169.136376288)
"1111",c(3590390.47077075, 115169.136376288)
"1112",c(3653286.20832966, 115169.136376288)
"1113",c(3716181.94588858, 115169.136376288)
"1114",c(3779077.68344749, 115169.136376288)
"1115",c(2017997.03179792, 157429.129419813)
"1116",c(2080892.76935683, 157429.129419813)
"1117",c(2143788.50691575, 157429.129419813)
"1118",c(2206684.24447466, 157429.129419813)
"1119",c(2269579.98203357, 157429.129419813)
"1120",c(2332475.71959249, 157429.129419813)
"1121",c(2395371.4571514, 157429.129419813)
"1122",c(2458267.19471031, 157429.129419813)
"1123",c(2521162.93226923, 157429.129419813)
"1124",c(2584058.66982814, 157429.129419813)
"1125",c(2646954.40738705, 157429.129419813)
"1126",c(2709850.14494596, 157429.129419813)
"1127",c(2772745.88250488, 157429.129419813)
"1128",c(2835641.62006379, 157429.129419813)
"1129",c(2898537.3576227, 157429.129419813)
"1130",c(2961433.09518162, 157429.129419813)
"1131",c(3024328.83274053, 157429.129419813)
"1132",c(3087224.57029944, 157429.129419813)
"1133",c(3150120.30785836, 157429.129419813)
"1134",c(3213016.04541727, 157429.129419813)
"1135",c(3275911.78297618, 157429.129419813)
"1136",c(3338807.5205351, 157429.129419813)
"1137",c(3401703.25809401, 157429.129419813)
"1138",c(3464598.99565292, 157429.129419813)
"1139",c(3527494.73321184, 157429.129419813)
"1140",c(3590390.47077075, 157429.129419813)
"1141",c(3653286.20832966, 157429.129419813)
"1142",c(3716181.94588858, 157429.129419813)
"1143",c(3779077.68344749, 157429.129419813)
"1144",c(3841973.4210064, 157429.129419813)
"1145",c(2017997.03179792, 199689.122463337)
"1146",c(2080892.76935683, 199689.122463337)
"1147",c(2143788.50691575, 199689.122463337)
"1148",c(2206684.24447466, 199689.122463337)
"1149",c(2269579.98203357, 199689.122463337)
"1150",c(2332475.71959249, 199689.122463337)
"1151",c(2395371.4571514, 199689.122463337)
"1152",c(2458267.19471031, 199689.122463337)
"1153",c(2521162.93226923, 199689.122463337)
"1154",c(2584058.66982814, 199689.122463337)
"1155",c(2646954.40738705, 199689.122463337)
"1156",c(2709850.14494596, 199689.122463337)
"1157",c(2772745.88250488, 199689.122463337)
"1158",c(2835641.62006379, 199689.122463337)
"1159",c(2898537.3576227, 199689.122463337)
"1160",c(2961433.09518162, 199689.122463337)
"1161",c(3024328.83274053, 199689.122463337)
"1162",c(3087224.57029944, 199689.122463337)
"1163",c(3150120.30785836, 199689.122463337)
"1164",c(3213016.04541727, 199689.122463337)
"1165",c(3275911.78297618, 199689.122463337)
"1166",c(3338807.5205351, 199689.122463337)
"1167",c(3401703.25809401, 199689.122463337)
"1168",c(3464598.99565292, 199689.122463337)
"1169",c(3527494.73321184, 199689.122463337)
"1170",c(3590390.47077075, 199689.122463337)
"1171",c(3653286.20832966, 199689.122463337)
"1172",c(3716181.94588858, 199689.122463337)
"1173",c(3779077.68344749, 199689.122463337)
"1174",c(3841973.4210064, 199689.122463337)
"1175",c(2017997.03179792, 241949.115506862)
"1176",c(2080892.76935683, 241949.115506862)
"1177",c(2143788.50691575, 241949.115506862)
"1178",c(2206684.24447466, 241949.115506862)
"1179",c(2269579.98203357, 241949.115506862)
"1180",c(2332475.71959249, 241949.115506862)
"1181",c(2395371.4571514, 241949.115506862)
"1182",c(2458267.19471031, 241949.115506862)
"1183",c(2521162.93226923, 241949.115506862)
"1184",c(2584058.66982814, 241949.115506862)
"1185",c(2646954.40738705, 241949.115506862)
"1186",c(2709850.14494596, 241949.115506862)
"1187",c(2772745.88250488, 241949.115506862)
"1188",c(2835641.62006379, 241949.115506862)
"1189",c(2898537.3576227, 241949.115506862)
"1190",c(2961433.09518162, 241949.115506862)
"1191",c(3024328.83274053, 241949.115506862)
"1192",c(3087224.57029944, 241949.115506862)
"1193",c(3150120.30785836, 241949.115506862)
"1194",c(3213016.04541727, 241949.115506862)
"1195",c(3275911.78297618, 241949.115506862)
"1196",c(3338807.5205351, 241949.115506862)
"1197",c(3401703.25809401, 241949.115506862)
"1198",c(3464598.99565292, 241949.115506862)
"1199",c(3527494.73321184, 241949.115506862)
"1200",c(3590390.47077075, 241949.115506862)
"1201",c(3653286.20832966, 241949.115506862)
"1202",c(3716181.94588858, 241949.115506862)
"1203",c(3779077.68344749, 241949.115506862)
"1204",c(3841973.4210064, 241949.115506862)
"1205",c(2080892.76935683, 284209.108550386)
"1206",c(2143788.50691575, 284209.108550386)
"1207",c(2206684.24447466, 284209.108550386)
"1208",c(2269579.98203357, 284209.108550386)
"1209",c(2332475.71959249, 284209.108550386)
"1210",c(2395371.4571514, 284209.108550386)
"1211",c(2458267.19471031, 284209.108550386)
"1212",c(2521162.93226923, 284209.108550386)
"1213",c(2584058.66982814, 284209.108550386)
"1214",c(2646954.40738705, 284209.108550386)
"1215",c(2709850.14494596, 284209.108550386)
"1216",c(2772745.88250488, 284209.108550386)
"1217",c(2835641.62006379, 284209.108550386)
"1218",c(2898537.3576227, 284209.108550386)
"1219",c(2961433.09518162, 284209.108550386)
"1220",c(3024328.83274053, 284209.108550386)
"1221",c(3087224.57029944, 284209.108550386)
"1222",c(3150120.30785836, 284209.108550386)
"1223",c(3213016.04541727, 284209.108550386)
"1224",c(3275911.78297618, 284209.108550386)
"1225",c(3338807.5205351, 284209.108550386)
"1226",c(3401703.25809401, 284209.108550386)
"1227",c(3464598.99565292, 284209.108550386)
"1228",c(3527494.73321184, 284209.108550386)
"1229",c(3590390.47077075, 284209.108550386)
"1230",c(3653286.20832966, 284209.108550386)
"1231",c(3716181.94588858, 284209.108550386)
"1232",c(3779077.68344749, 284209.108550386)
"1233",c(3841973.4210064, 284209.108550386)
"1234",c(2080892.76935683, 326469.101593911)
"1235",c(2143788.50691575, 326469.101593911)
"1236",c(2206684.24447466, 326469.101593911)
"1237",c(2269579.98203357, 326469.101593911)
"1238",c(2332475.71959249, 326469.101593911)
"1239",c(2395371.4571514, 326469.101593911)
"1240",c(2458267.19471031, 326469.101593911)
"1241",c(2521162.93226923, 326469.101593911)
"1242",c(2584058.66982814, 326469.101593911)
"1243",c(2646954.40738705, 326469.101593911)
"1244",c(2709850.14494596, 326469.101593911)
"1245",c(2772745.88250488, 326469.101593911)
"1246",c(2835641.62006379, 326469.101593911)
"1247",c(2898537.3576227, 326469.101593911)
"1248",c(2961433.09518162, 326469.101593911)
"1249",c(3024328.83274053, 326469.101593911)
"1250",c(3087224.57029944, 326469.101593911)
"1251",c(3150120.30785836, 326469.101593911)
"1252",c(3213016.04541727, 326469.101593911)
"1253",c(3275911.78297618, 326469.101593911)
"1254",c(3338807.5205351, 326469.101593911)
"1255",c(3401703.25809401, 326469.101593911)
"1256",c(3464598.99565292, 326469.101593911)
"1257",c(3527494.73321184, 326469.101593911)
"1258",c(3590390.47077075, 326469.101593911)
"1259",c(3653286.20832966, 326469.101593911)
"1260",c(3716181.94588858, 326469.101593911)
"1261",c(3779077.68344749, 326469.101593911)
"1262",c(3841973.4210064, 326469.101593911)
"1263",c(2080892.76935683, 368729.094637435)
"1264",c(2143788.50691575, 368729.094637435)
"1265",c(2206684.24447466, 368729.094637435)
"1266",c(2269579.98203357, 368729.094637435)
"1267",c(2332475.71959249, 368729.094637435)
"1268",c(2395371.4571514, 368729.094637435)
"1269",c(2458267.19471031, 368729.094637435)
"1270",c(2521162.93226923, 368729.094637435)
"1271",c(2584058.66982814, 368729.094637435)
"1272",c(2646954.40738705, 368729.094637435)
"1273",c(2709850.14494596, 368729.094637435)
"1274",c(2772745.88250488, 368729.094637435)
"1275",c(2835641.62006379, 368729.094637435)
"1276",c(2898537.3576227, 368729.094637435)
"1277",c(2961433.09518162, 368729.094637435)
"1278",c(3024328.83274053, 368729.094637435)
"1279",c(3087224.57029944, 368729.094637435)
"1280",c(3150120.30785836, 368729.094637435)
"1281",c(3213016.04541727, 368729.094637435)
"1282",c(3275911.78297618, 368729.094637435)
"1283",c(3338807.5205351, 368729.094637435)
"1284",c(3401703.25809401, 368729.094637435)
"1285",c(3464598.99565292, 368729.094637435)
"1286",c(3527494.73321184, 368729.094637435)
"1287",c(3590390.47077075, 368729.094637435)
"1288",c(3653286.20832966, 368729.094637435)
"1289",c(3716181.94588858, 368729.094637435)
"1290",c(3779077.68344749, 368729.094637435)
"1291",c(2080892.76935683, 410989.087680959)
"1292",c(2143788.50691575, 410989.087680959)
"1293",c(2206684.24447466, 410989.087680959)
"1294",c(2269579.98203357, 410989.087680959)
"1295",c(2332475.71959249, 410989.087680959)
"1296",c(2395371.4571514, 410989.087680959)
"1297",c(2458267.19471031, 410989.087680959)
"1298",c(2521162.93226923, 410989.087680959)
"1299",c(2584058.66982814, 410989.087680959)
"1300",c(2646954.40738705, 410989.087680959)
"1301",c(2709850.14494596, 410989.087680959)
"1302",c(2772745.88250488, 410989.087680959)
"1303",c(2835641.62006379, 410989.087680959)
"1304",c(2898537.3576227, 410989.087680959)
"1305",c(2961433.09518162, 410989.087680959)
"1306",c(3024328.83274053, 410989.087680959)
"1307",c(3087224.57029944, 410989.087680959)
"1308",c(3150120.30785836, 410989.087680959)
"1309",c(3213016.04541727, 410989.087680959)
"1310",c(3275911.78297618, 410989.087680959)
"1311",c(3338807.5205351, 410989.087680959)
"1312",c(3401703.25809401, 410989.087680959)
"1313",c(3464598.99565292, 410989.087680959)
"1314",c(3527494.73321184, 410989.087680959)
"1315",c(3653286.20832966, 410989.087680959)
"1316",c(3716181.94588858, 410989.087680959)
"1317",c(3779077.68344749, 410989.087680959)
"1318",c(2080892.76935683, 453249.080724484)
"1319",c(2143788.50691575, 453249.080724484)
"1320",c(2206684.24447466, 453249.080724484)
"1321",c(2269579.98203357, 453249.080724484)
"1322",c(2332475.71959249, 453249.080724484)
"1323",c(2395371.4571514, 453249.080724484)
"1324",c(2458267.19471031, 453249.080724484)
"1325",c(2521162.93226923, 453249.080724484)
"1326",c(2584058.66982814, 453249.080724484)
"1327",c(2646954.40738705, 453249.080724484)
"1328",c(2709850.14494596, 453249.080724484)
"1329",c(2772745.88250488, 453249.080724484)
"1330",c(2835641.62006379, 453249.080724484)
"1331",c(2898537.3576227, 453249.080724484)
"1332",c(2961433.09518162, 453249.080724484)
"1333",c(3024328.83274053, 453249.080724484)
"1334",c(3087224.57029944, 453249.080724484)
"1335",c(3150120.30785836, 453249.080724484)
"1336",c(3213016.04541727, 453249.080724484)
"1337",c(3275911.78297618, 453249.080724484)
"1338",c(3338807.5205351, 453249.080724484)
"1339",c(3779077.68344749, 453249.080724484)
"1340",c(2143788.50691575, 495509.073768009)
"1341",c(2206684.24447466, 495509.073768009)
"1342",c(2269579.98203357, 495509.073768009)
"1343",c(2521162.93226923, 495509.073768009)
"1344",c(2584058.66982814, 495509.073768009)
"1345",c(2646954.40738705, 495509.073768009)
"1346",c(2709850.14494596, 495509.073768009)
"1347",c(2772745.88250488, 495509.073768009)
"1348",c(2835641.62006379, 495509.073768009)
"1349",c(2898537.3576227, 495509.073768009)
"1350",c(2961433.09518162, 495509.073768009)
"1351",c(3024328.83274053, 495509.073768009)
"1352",c(3087224.57029944, 495509.073768009)
"1353",c(3213016.04541727, 495509.073768009)
"1354",c(3275911.78297618, 495509.073768009)
"1355",c(2143788.50691575, 537769.066811533)
"1356",c(2206684.24447466, 537769.066811533)
"1357",c(2709850.14494596, 537769.066811533)
"1358",c(2772745.88250488, 537769.066811533)
"1359",c(2835641.62006379, 537769.066811533)
"1360",c(2898537.3576227, 537769.066811533)
"1361",c(2961433.09518162, 537769.066811533)
"1362",c(3024328.83274053, 537769.066811533)
"1363",c(2835641.62006379, 580029.059855057)
"1364",c(2898537.3576227, 580029.059855057)
